ano;codigo;uf;vinculos_executivo_federal;vinculos_executivo_estadual;vinculos_executivo_municipal;vinculos_legislativo_federal;vinculos_legislativo_estadual;vinculos_legislativo_municipal;vinculos_judiciario_federal;vinculos_judiciario_estadual
1985;11;RO;3960;34384;4156;0;49;94;100;1024
1985;53;DF;182279;67049;0;13782;465;0;6236;0
1985;52;GO;14723;78222;46738;36;409;531;136;1899
1985;51;MT;8023;23196;11569;16;889;80;77;803
1985;50;MS;9478;34428;20005;7;1643;161;105;1755
1985;43;RS;38734;176987;140436;27;0;876;1589;0
1985;42;SC;17446;65079;54915;20;1545;236;666;1957
1985;41;PR;18254;103364;119030;21;1129;715;670;3343
1985;35;SP;65637;534474;355117;28;1026;3743;3188;17961
1985;33;RJ;210478;215123;155080;78;2982;4884;3911;7035
1985;32;ES;9978;42030;36607;23;106;61;84;751
1985;31;MG;53310;202375;158988;47;1335;609;1875;648
1985;29;BA;35588;141109;86606;26;1568;464;1076;4024
1985;28;SE;5477;29801;17018;16;293;254;66;837
1985;27;AL;7152;42200;26575;15;815;241;65;816
1985;26;PE;36125;94120;70425;26;785;375;1290;1347
1985;25;PB;18211;48935;56270;22;19;97;138;0
1985;24;RN;17869;46546;25390;17;0;228;97;0
1985;23;CE;23624;125989;83791;27;788;349;710;1579
1985;22;PI;9260;39192;14992;19;375;111;148;737
1985;21;MA;11405;50497;19666;28;914;251;92;914
1985;16;AP;550;8013;2436;0;0;85;0;0
1985;15;PA;26771;57878;22672;24;1108;377;659;825
1985;14;RR;8873;0;1282;0;0;33;0;16
1985;13;AM;13162;32002;9228;25;765;55;606;637
1985;12;AC;2869;16154;2068;0;319;79;33;262
1986;28;SE;5756;13733;19390;16;382;341;73;864
1986;53;DF;200696;70408;0;11772;463;0;6605;0
1986;52;GO;15542;89349;49329;36;823;502;156;1964
1986;51;MT;8329;23663;8776;16;1152;87;80;2064
1986;50;MS;10236;35017;23180;10;1994;187;114;2276
1986;43;RS;40417;176812;150194;28;0;1037;1832;0
1986;42;SC;18559;68462;62132;18;1739;244;833;2063
1986;41;PR;21624;111103;134754;24;1206;745;811;3370
1986;35;SP;68900;564252;377176;29;1167;3787;2942;2316
1986;33;RJ;213699;216998;158265;81;3173;5269;3694;5967
1986;32;ES;10239;42245;42106;20;106;60;96;971
1986;31;MG;55307;221413;177199;43;1437;732;2210;650
1986;29;BA;37404;153802;96033;27;1160;539;1149;4193
1986;27;AL;7492;43786;30819;16;919;255;68;946
1986;26;PE;37666;109964;75465;25;871;459;1169;1552
1986;25;PB;19037;69729;64742;22;0;188;595;0
1986;24;RN;12106;47445;31669;22;0;271;99;0
1986;23;CE;24753;89984;99262;33;818;377;734;1606
1986;22;PI;9735;52491;23103;21;552;133;156;802
1986;21;MA;12376;49611;29781;28;1001;298;105;910
1986;16;AP;521;6706;3683;0;0;83;0;0
1986;15;PA;27168;61723;28412;20;1470;593;695;1012
1986;14;RR;8776;0;1589;0;0;26;0;17
1986;13;AM;13946;47193;10142;21;849;658;596;655
1986;12;AC;3051;20611;2593;0;520;120;33;328
1986;11;RO;2651;2127;2100;0;0;7;0;0
1987;29;BA;36232;135758;105832;28;1130;575;1539;4553
1987;53;DF;195556;73727;0;13428;494;0;6683;0
1987;52;GO;15946;91632;52941;36;1507;534;169;2127
1987;51;MT;8244;22999;15277;14;1080;101;86;2362
1987;50;MS;10866;29159;24171;12;2187;375;123;2126
1987;43;RS;39644;180041;160347;33;0;1111;2210;0
1987;42;SC;17489;68125;68816;22;1822;283;927;2152
1987;41;PR;20964;115659;146458;33;1154;892;956;3760
1987;35;SP;69900;610786;420318;40;1237;4365;4020;36711
1987;33;RJ;218465;220707;185778;82;3534;5812;4338;6553
1987;32;ES;10451;43587;44687;22;102;63;105;1001
1987;31;MG;54744;223311;199973;39;1717;838;2492;684
1987;28;SE;5691;24625;21516;17;424;345;96;903
1987;27;AL;5351;55701;33919;21;1782;377;74;896
1987;26;PE;37460;107083;79935;30;831;465;1354;1557
1987;25;PB;18090;79250;69326;27;0;244;907;0
1987;24;RN;18854;59521;32268;30;0;404;118;0
1987;23;CE;24991;96091;106866;41;936;404;824;1761
1987;22;PI;10141;53734;25277;24;804;162;164;876
1987;21;MA;12496;54280;32830;30;544;324;71;957
1987;16;AP;639;8754;1802;0;0;74;0;0
1987;15;PA;27956;63746;30882;23;1358;714;746;1018
1987;14;RR;7773;0;1730;0;0;44;0;0
1987;13;AM;14242;43393;10726;27;522;969;600;729
1987;12;AC;3235;21243;2959;0;812;121;9;423
1987;11;RO;4129;34544;8437;0;127;475;472;188
1988;13;AM;14543;49699;10514;18;1282;1343;662;774
1988;53;DF;194262;73100;0;14174;458;0;7091;0
1988;52;GO;15167;111332;60053;36;1658;515;193;2257
1988;51;MT;8660;20256;16050;14;1315;96;79;2597
1988;50;MS;9379;32756;24235;11;2079;508;112;2247
1988;43;RS;38380;176247;159941;34;0;1164;2044;0
1988;42;SC;17288;51009;70320;26;1637;406;1038;2431
1988;41;PR;18135;116681;150158;27;1170;966;1089;4000
1988;35;SP;67004;640534;448605;41;4604;4489;4322;33200
1988;33;RJ;210802;233117;204889;84;3991;5830;5940;6876
1988;32;ES;9749;38894;47544;29;102;85;104;1135
1988;31;MG;54107;232990;210395;45;1705;1157;2457;694
1988;12;AC;2693;20736;4162;0;969;126;33;620
1988;29;BA;34729;127873;102602;27;1207;673;1576;5015
1988;11;RO;3556;42618;10978;0;157;503;644;1631
1988;28;SE;5264;40620;24401;15;487;333;96;986
1988;27;AL;7108;58696;33068;20;1912;407;86;1138
1988;26;PE;35785;99571;86391;30;825;615;1279;1652
1988;25;PB;17446;65156;75354;27;0;335;979;0
1988;24;RN;18758;61048;33965;33;0;555;116;0
1988;23;CE;23874;91889;115831;35;984;476;850;1931
1988;22;PI;9927;54789;27021;25;1044;173;164;1437
1988;21;MA;11916;53925;36615;31;1247;503;139;970
1988;16;AP;586;13388;1981;0;0;205;0;0
1988;15;PA;26302;65367;33496;19;1639;800;745;1142
1988;14;RR;7009;0;1290;0;0;57;0;0
1989;11;RO;4242;44024;11668;0;139;561;610;1693
1989;53;DF;206100;77670;0;14806;509;0;6646;0
1989;52;GO;15713;88136;51038;35;1684;512;196;2119
1989;51;MT;8363;18875;12449;14;0;110;64;2502
1989;50;MS;9510;38363;24294;14;2078;567;154;2625
1989;43;RS;38170;176768;168017;34;0;1217;2701;0
1989;42;SC;16398;51378;75007;28;1648;275;1147;2549
1989;41;PR;18389;121615;161276;34;1145;1029;1069;4064
1989;35;SP;67803;646850;467028;39;5015;5233;5162;32893
1989;33;RJ;215047;228745;190606;92;4041;5680;4587;6971
1989;32;ES;10162;43621;45351;27;253;156;130;1216
1989;31;MG;52014;229633;221098;47;696;1406;2726;1128
1989;29;BA;34334;148782;114536;30;1596;702;1766;5444
1989;28;SE;5309;42874;23058;19;522;333;95;1222
1989;27;AL;7119;53379;37000;23;1439;473;132;1135
1989;26;PE;29109;99539;84881;30;865;710;1907;1978
1989;25;PB;17329;66941;81032;28;0;350;968;0
1989;24;RN;18431;7096;40534;31;0;610;170;0
1989;23;CE;23521;81208;120435;34;889;476;909;1755
1989;22;PI;9076;57780;28874;25;1253;221;158;1616
1989;21;MA;12515;64977;31331;29;1205;640;326;1014
1989;17;TO;1;8629;5671;0;0;23;0;106
1989;16;AP;653;14374;3013;0;0;197;0;0
1989;15;PA;23956;60423;35727;25;1859;970;865;1212
1989;14;RR;10051;354;1274;0;0;57;0;13
1989;13;AM;14098;52227;11469;24;1252;550;703;811
1989;12;AC;1981;20680;4535;0;1042;147;34;486
1990;11;RO;4030;39422;11005;0;141;548;607;1238
1990;53;DF;227507;64059;0;14202;499;0;8515;0
1990;52;GO;16730;75746;51737;34;1552;455;217;0
1990;51;MT;10138;40827;15856;17;1131;112;135;2407
1990;50;MS;10011;30477;23471;12;1943;499;162;2506
1990;43;RS;34503;190375;159887;33;0;1330;2100;0
1990;42;SC;17370;51671;74744;23;1627;553;1198;2568
1990;41;PR;19519;124870;151492;27;0;846;1298;4192
1990;35;SP;68557;600569;468929;46;4828;4452;5730;36965
1990;33;RJ;218040;222168;197491;81;3014;5940;4810;8981
1990;32;ES;10877;44260;47058;20;357;206;156;1252
1990;31;MG;56126;225651;217513;91;790;1442;3115;5807
1990;29;BA;35706;137181;109631;31;2263;802;1772;6274
1990;28;SE;6669;42883;21799;18;498;327;38;1280
1990;27;AL;8235;51094;34852;18;1479;506;122;1092
1990;26;PE;30989;99584;80153;26;1370;899;2505;2006
1990;25;PB;18338;63646;74338;61;0;382;1180;0
1990;24;RN;18662;66791;39875;34;0;648;166;0
1990;23;CE;22702;90679;112803;37;885;587;1189;258
1990;22;PI;9428;55972;29316;21;106;95;149;1665
1990;21;MA;13041;59806;35027;52;1172;669;673;988
1990;17;TO;53;7115;5352;0;0;24;0;113
1990;16;AP;760;20518;843;0;0;200;0;0
1990;15;PA;24499;64210;33918;24;2015;861;879;1532
1990;14;RR;2113;0;267;0;0;59;0;14
1990;13;AM;14747;62790;11816;19;1467;827;891;880
1990;12;AC;3574;22473;4990;0;1117;142;38;455
1991;15;PA;27037;67206;38730;28;2238;940;897;1827
1991;53;DF;236770;86254;0;11842;1298;0;11977;0
1991;52;GO;14149;73395;55747;34;1501;498;683;2422
1991;51;MT;7131;44029;11396;21;1207;146;125;2114
1991;50;MS;9129;39579;26072;14;2764;548;171;2455
1991;43;RS;28639;182753;162378;29;0;1213;2703;0
1991;42;SC;15560;54274;71062;21;1736;589;1285;2654
1991;41;PR;18723;28518;168094;31;171;1066;1423;4551
1991;35;SP;65287;680754;500658;45;5743;5340;7473;39804
1991;33;RJ;197328;218101;201230;84;2904;6205;4951;7630
1991;32;ES;10409;44749;50335;22;392;300;548;1214
1991;31;MG;52816;210285;230247;46;2414;2300;2908;6043
1991;29;BA;33035;136364;121081;32;2467;991;2046;6634
1991;28;SE;5772;15643;21030;18;515;384;96;1485
1991;27;AL;7936;53403;35636;20;4703;140;131;1345
1991;26;PE;37064;110353;91454;26;1149;1150;1767;2167
1991;25;PB;18084;72624;77013;26;0;589;1298;0
1991;24;RN;16990;68923;42298;33;0;340;250;0
1991;23;CE;23219;84911;114495;41;2194;719;1107;1613
1991;22;PI;8430;58558;30267;23;1743;292;52;1696
1991;21;MA;12101;60058;38397;25;1130;942;1124;931
1991;17;TO;126;8014;4991;0;193;32;0;0
1991;16;AP;706;17937;987;0;456;350;0;64
1991;14;RR;12509;0;232;0;0;72;0;19
1991;13;AM;13318;66258;12888;19;1479;559;942;899
1991;12;AC;1823;21726;5850;0;1206;165;32;529
1991;11;RO;3879;49159;10405;0;1170;90;717;732
1992;12;AC;1538;23255;2374;0;601;154;34;445
1992;53;DF;215690;86816;0;9808;1497;0;11276;0
1992;52;GO;16739;70865;57483;31;847;920;860;2279
1992;51;MT;7210;43562;10369;18;1246;113;253;2077
1992;50;MS;9294;40840;23826;16;2582;490;171;2758
1992;43;RS;36952;182638;168005;30;0;1369;2981;0
1992;42;SC;15040;59555;80348;21;1591;540;1355;2937
1992;41;PR;19000;128703;173199;30;151;991;1474;4513
1992;35;SP;64230;722995;532496;46;4680;5932;6678;41482
1992;33;RJ;214973;166007;188399;80;3763;5080;4824;8933
1992;32;ES;6764;44323;48109;24;478;232;494;1380
1992;31;MG;52067;212239;228166;43;2482;2318;3001;5503
1992;29;BA;32447;88516;110536;31;2001;989;2227;6439
1992;28;SE;5483;38597;20421;15;487;356;152;1599
1992;27;AL;5239;55062;43469;19;4412;567;351;1275
1992;26;PE;36574;111369;84974;25;1099;1164;1376;2698
1992;25;PB;17105;61342;76114;26;0;406;1295;0
1992;24;RN;16620;68310;43246;31;0;689;576;0
1992;23;CE;21850;83566;107135;38;2094;713;970;1502
1992;22;PI;7973;55580;28740;26;1786;311;176;1736
1992;21;MA;12450;53704;36050;25;1098;1069;730;1431
1992;16;AP;758;17229;1068;0;214;325;0;467
1992;11;RO;16130;26707;11074;0;1211;72;853;1795
1992;15;PA;27188;81485;29812;25;2104;877;946;2010
1992;14;RR;11077;0;942;0;0;50;0;18
1992;13;AM;9111;63714;12557;19;1516;934;1062;897
1993;25;PB;16578;59463;75546;27;0;491;1674;0
1993;53;DF;221968;91339;0;11752;1926;0;13907;0
1993;52;GO;12893;77207;64752;31;833;1310;637;2744
1993;51;MT;7119;37047;15112;18;1347;244;675;2218
1993;50;MS;9198;41253;27920;15;2648;716;734;2760
1993;43;RS;35231;183170;185636;30;0;1627;2564;6961
1993;42;SC;16088;70685;91187;22;1635;650;1517;2965
1993;41;PR;18500;146896;179135;30;1219;1220;1581;4613
1993;35;SP;60611;741532;579558;43;4670;6881;6218;43546
1993;33;RJ;197320;198475;212722;74;2660;5321;4370;9455
1993;32;ES;10270;42159;59462;27;533;577;584;1306
1993;31;MG;53159;192797;273316;41;2681;3261;4155;4734
1993;29;BA;31369;133860;133849;30;2345;1151;2722;6729
1993;28;SE;5310;40756;19789;13;681;347;544;1693
1993;27;AL;7800;55154;47968;21;4945;353;732;1338
1993;26;PE;30255;116331;100248;22;1050;1525;2691;3206
1993;24;RN;15828;70180;49146;32;0;710;1004;0
1993;23;CE;21256;85062;113789;38;2112;844;1298;1438
1993;22;PI;7847;58432;30922;22;1912;302;534;1738
1993;21;MA;12001;53299;40795;23;1098;1213;554;1392
1993;17;TO;1348;31286;8066;0;524;29;86;799
1993;16;AP;787;17067;1796;0;110;383;142;587
1993;15;PA;25569;94638;43613;24;2274;1028;1053;2496
1993;14;RR;12493;15;69;0;37;53;0;18
1993;13;AM;11633;72373;20139;18;1439;989;1081;941
1993;12;AC;2615;24064;6054;0;608;194;34;590
1993;11;RO;15177;28644;13441;0;1267;303;1048;1807
1994;11;RO;15320;30950;15137;0;1109;418;1234;1783
1994;53;DF;236502;95717;0;12397;1847;0;16165;0
1994;52;GO;13794;71906;65008;30;1390;615;279;2573
1994;51;MT;7281;42191;24078;25;1211;301;719;2469
1994;50;MS;9245;40648;26457;19;2639;603;772;2692
1994;43;RS;34561;178033;187743;30;0;1623;4206;6898
1994;42;SC;16792;58885;103974;29;1644;720;1525;3048
1994;41;PR;17980;151888;190765;31;0;1475;2257;4660
1994;35;SP;56969;795109;584815;43;3434;7058;9850;41032
1994;33;RJ;190028;210425;215692;81;2878;5193;5259;10195
1994;32;ES;10294;42520;57444;29;491;525;804;1729
1994;31;MG;52473;225646;275492;41;2575;3626;4280;9709
1994;29;BA;30669;174653;133780;37;1226;1052;2327;7493
1994;28;SE;5518;40372;25975;21;643;354;649;1621
1994;27;AL;7754;50651;49966;23;3817;619;777;1423
1994;26;PE;29658;109495;107128;26;872;1646;2507;3116
1994;25;PB;16377;49010;78862;25;0;666;1745;2
1994;24;RN;15781;69848;53407;31;0;878;1299;0
1994;23;CE;20963;81851;117238;40;2037;826;1203;1243
1994;22;PI;7804;62558;31080;22;1926;338;714;1782
1994;21;MA;12015;56264;45442;27;885;1311;846;1650
1994;17;TO;1439;2180;7399;0;989;37;110;962
1994;16;AP;908;13645;1697;0;96;350;153;723
1994;15;PA;25855;122288;43286;24;2014;1033;1122;2803
1994;14;RR;12524;141;919;0;89;107;93;0
1994;13;AM;11562;61551;20688;26;1383;902;173;1027
1994;12;AC;1596;40304;6690;0;646;226;55;664
1995;15;PA;22940;105428;48859;26;2488;1209;1172;2818
1995;53;DF;230746;95349;0;14086;2237;0;15245;0
1995;52;GO;11509;82854;76470;31;775;603;1029;3749
1995;51;MT;9352;38795;26404;22;1633;649;798;2816
1995;50;MS;10869;41792;29570;20;2784;689;817;2651
1995;43;RS;29879;141873;197435;33;0;1974;4400;6945
1995;42;SC;12075;73914;99594;29;1668;821;1952;3200
1995;41;PR;20177;148201;195117;33;0;1675;2570;4757
1995;35;SP;42913;760950;566487;50;4898;7994;9164;27163
1995;33;RJ;143845;208992;230604;79;2809;5540;6103;11699
1995;32;ES;9524;42438;62065;28;161;1030;278;1786
1995;31;MG;51500;229730;302502;45;5494;5150;4562;9913
1995;29;BA;19612;171067;142681;36;1466;1228;2891;7900
1995;28;SE;4636;40905;27861;19;903;343;690;1820
1995;27;AL;6838;46021;48698;25;3551;617;829;1145
1995;26;PE;23268;105305;115550;24;1031;1962;2523;3265
1995;25;PB;22852;58157;79620;27;0;674;1624;0
1995;24;RN;15454;71100;54059;33;0;977;1233;0
1995;23;CE;16927;82655;119431;42;1949;918;635;1486
1995;22;PI;6692;62719;31531;24;1824;354;651;1833
1995;21;MA;9075;54739;47483;32;883;1773;850;2025
1995;17;TO;1558;22622;8900;15;758;296;192;1006
1995;16;AP;2413;14142;777;10;85;377;154;802
1995;14;RR;11997;188;48;12;128;267;142;51
1995;13;AM;15430;56632;21517;25;1510;865;1263;1019
1995;12;AC;2272;23094;6831;9;656;236;129;745
1995;11;RO;14260;31294;17035;12;1032;346;1046;1810
1996;12;AC;1684;27260;6471;17;657;266;175;915
1996;53;DF;223813;86860;0;13285;2022;0;18477;38
1996;52;GO;8237;74855;75960;31;602;638;1048;3796
1996;51;MT;5244;32609;27910;21;1378;682;1021;2811
1996;50;MS;7600;41119;33424;20;2282;707;823;2536
1996;43;RS;22786;169781;200464;37;0;1956;5163;7105
1996;42;SC;9162;73330;98610;33;1636;753;2026;3541
1996;41;PR;10535;146914;197594;31;1461;1671;2541;4696
1996;35;SP;39224;729692;590450;42;4295;9386;11192;25381
1996;33;RJ;145579;219993;231536;81;2430;5533;6577;11729
1996;32;ES;6620;42403;64776;29;626;716;347;2065
1996;31;MG;34011;231500;310734;46;4569;5101;5643;9643
1996;29;BA;17964;173700;148603;43;1444;1334;706;7891
1996;28;SE;3408;40852;27394;25;904;349;1241;1797
1996;27;AL;4957;45406;48601;19;2488;667;971;1095
1996;26;PE;18415;104205;113101;35;1067;2984;2276;3404
1996;25;PB;8464;62160;77869;24;0;740;1760;0
1996;24;RN;10196;69439;53112;28;0;967;1389;0
1996;23;CE;12984;82610;116028;38;1926;993;380;1703
1996;22;PI;5123;64024;30392;24;1845;329;670;1810
1996;21;MA;8933;52342;48954;30;879;1837;929;1950
1996;17;TO;1473;26288;12355;20;999;268;202;893
1996;16;AP;1114;13760;3388;14;164;386;173;1063
1996;11;RO;11086;28125;18269;18;983;313;844;1955
1996;15;PA;19045;102420;48432;27;2302;1126;1749;2878
1996;14;RR;8621;582;0;19;118;226;172;131
1996;13;AM;9037;40553;23176;27;1349;571;1310;1055
1997;11;RO;4524;36696;18148;19;1001;313;1033;2205
1997;53;DF;227619;96435;0;14911;2345;0;20947;31
1997;52;GO;8170;72289;76043;31;582;995;1226;3875
1997;51;MT;5493;33756;29501;20;1543;972;803;3006
1997;50;MS;7791;40643;33688;18;2314;722;812;2590
1997;43;RS;19656;158610;199709;33;0;2050;4687;8070
1997;42;SC;8724;72467;101741;28;1602;1033;1925;3538
1997;41;PR;11599;140274;194662;29;1629;1848;2487;4824
1997;35;SP;37359;694918;601632;40;4416;11881;11411;43000
1997;33;RJ;140801;207225;220943;81;2186;5300;6801;12144
1997;32;ES;6270;41090;56438;30;613;1030;991;2423
1997;31;MG;33957;240911;321205;46;5015;5714;4606;9738
1997;29;BA;17715;180744;139110;43;1588;1275;2953;8395
1997;28;SE;3351;40152;27255;18;960;357;753;2087
1997;27;AL;4996;28859;44386;19;1998;581;897;1258
1997;26;PE;17952;103292;115740;34;1018;3132;2251;3370
1997;25;PB;7187;62903;71862;26;0;733;1683;0
1997;24;RN;9589;55722;47542;28;0;913;1190;0
1997;23;CE;15307;84068;113356;37;1930;1153;1492;2095
1997;22;PI;4799;50834;28909;22;1768;304;665;1740
1997;21;MA;8867;67552;45714;30;862;1817;788;2668
1997;17;TO;1571;27081;11942;20;1153;229;211;929
1997;16;AP;3209;13190;1797;15;175;349;193;1145
1997;15;PA;16911;96921;51708;27;2380;1316;1460;2945
1997;14;RR;8687;1233;95;18;130;95;197;565
1997;13;AM;8474;45063;23123;27;1180;576;1359;1190
1997;12;AC;1696;25355;7886;20;621;344;204;944
1998;11;RO;5069;34978;22649;0;1035;318;1034;2220
1998;53;DF;251948;106532;0;15734;2396;0;20741;48
1998;52;GO;11605;71927;84430;0;982;880;1609;4026
1998;51;MT;8332;31440;31772;0;924;1147;889;2938
1998;50;MS;8883;39622;36468;0;2170;776;831;2755
1998;43;RS;31450;154482;208882;0;0;2423;4820;8377
1998;42;SC;12815;70405;106104;0;1558;1011;1737;3820
1998;41;PR;18261;140912;196026;0;1741;2124;1944;5030
1998;35;SP;50761;684156;605076;0;4433;12513;11989;46071
1998;33;RJ;165462;205080;227096;0;2436;5605;7619;7186
1998;32;ES;8129;38666;67370;0;664;1620;1003;3261
1998;31;MG;45125;319664;357808;0;4474;6002;5831;10485
1998;29;BA;27219;182703;148749;0;1629;1454;3804;9143
1998;28;SE;4702;38333;29022;0;992;345;757;2168
1998;27;AL;6520;28527;44735;0;1795;609;953;1768
1998;26;PE;26529;101014;120505;0;1007;3166;2271;3144
1998;25;PB;14317;64249;77889;0;0;825;1609;1
1998;24;RN;14152;54031;49687;0;0;1029;1298;0
1998;23;CE;18928;84460;123171;0;1888;1122;1476;2534
1998;22;PI;6276;55247;33670;0;1759;308;649;1723
1998;21;MA;10464;62564;50626;0;828;1838;794;2710
1998;17;TO;1858;34709;15334;0;995;217;234;765
1998;16;AP;2852;15900;3735;0;176;272;176;882
1998;15;PA;22936;95583;58030;0;2268;1349;1775;3061
1998;14;RR;11012;2021;92;0;166;385;248;531
1998;13;AM;11292;46826;24373;0;1289;607;1369;1327
1998;12;AC;2249;28088;8118;0;651;408;197;912
1999;27;AL;6337;28643;47663;0;1741;1024;1031;1360
1999;53;DF;235593;114373;0;22371;2727;0;20283;52
1999;52;GO;9879;72100;90641;0;545;989;1783;4130
1999;51;MT;8192;28975;35672;0;1112;1120;880;3202
1999;50;MS;7077;40946;40371;0;2305;864;823;2943
1999;43;RS;25958;149111;217259;0;0;1988;5164;8310
1999;42;SC;11309;76189;107655;0;1792;1127;2347;3937
1999;41;PR;15971;132012;199632;0;1926;2296;2899;4950
1999;35;SP;38420;664270;628162;0;4984;13303;12580;48942
1999;33;RJ;134584;210125;220830;0;2317;5375;5909;11186
1999;32;ES;7808;38478;70770;0;263;1736;922;2919
1999;31;MG;41162;319482;376927;0;6277;6887;5658;10459
1999;29;BA;24147;192623;159862;0;1631;1496;3739;9760
1999;28;SE;4487;38102;32488;0;1043;370;755;2269
1999;26;PE;21469;126463;126989;0;1111;2294;2372;3276
1999;25;PB;13740;65040;80961;0;0;843;1488;0
1999;24;RN;11033;55206;53457;0;0;1070;1240;0
1999;23;CE;17796;82864;129602;0;1928;1324;1536;2875
1999;22;PI;5965;55077;35690;0;1751;343;675;1643
1999;21;MA;9702;55967;54030;0;943;1847;839;2660
1999;17;TO;1835;33361;16763;0;1374;297;253;1165
1999;16;AP;10939;7687;3527;0;256;219;190;940
1999;15;PA;18135;90700;63800;0;2726;1459;1507;3015
1999;14;RR;10462;2130;6;0;178;402;193;471
1999;13;AM;8863;47518;26981;0;1305;567;1321;1253
1999;12;AC;2153;26452;7103;0;637;512;185;957
1999;11;RO;4657;38765;23562;0;1148;343;1078;2333
2000;29;BA;24301;197121;157600;0;3015;1678;3615;10181
2000;53;DF;245069;171745;0;20922;2394;0;21517;48
2000;52;GO;10763;82626;93422;0;1130;1077;1746;4189
2000;51;MT;7291;29234;41669;0;1024;1278;853;3089
2000;50;MS;7876;41996;43204;0;2117;965;808;3014
2000;43;RS;29768;151666;226860;0;0;3146;5107;8619
2000;42;SC;11646;80651;110610;0;1796;1640;2330;3991
2000;41;PR;17145;127787;206807;0;0;2351;2882;4897
2000;35;SP;45166;676013;660380;0;4348;13828;12575;49154
2000;33;RJ;142618;213953;218293;0;2287;5597;7459;12657
2000;32;ES;7637;39849;72317;0;887;1926;1115;3096
2000;31;MG;42301;320956;392814;0;4739;7413;6063;10653
2000;28;SE;4443;38886;34474;0;1035;537;779;2297
2000;27;AL;6268;28779;50462;0;1075;1016;853;1187
2000;26;PE;24277;125988;122253;0;1074;1895;3135;3902
2000;25;PB;13472;63433;82148;0;0;938;1542;0
2000;24;RN;12634;54974;57840;0;0;1092;1324;0
2000;23;CE;18153;78385;129537;0;1869;1217;1555;3509
2000;22;PI;5840;51945;36918;0;1774;340;688;2130
2000;21;MA;9718;53924;55476;0;2967;1780;842;2343
2000;17;TO;1820;36360;18202;0;1397;269;235;1172
2000;16;AP;10793;6405;3051;0;85;246;237;915
2000;15;PA;19791;82672;70388;0;2467;1372;1682;2803
2000;14;RR;9113;47;1219;0;225;451;215;472
2000;13;AM;10139;45970;28259;0;1133;650;1417;1262
2000;12;AC;2105;25827;7653;0;565;398;362;940
2000;11;RO;5159;39527;26829;0;1113;685;1072;2306
2001;14;RR;8897;2963;413;0;249;472;182;552
2001;53;DF;231488;119351;0;23137;2434;0;21826;51
2001;52;GO;10712;90460;114451;0;926;1791;1713;4347
2001;51;MT;6656;24281;48962;0;2035;1241;863;4136
2001;50;MS;7869;38371;51021;0;1688;1083;877;3232
2001;43;RS;29465;158848;233834;0;0;3277;5348;9077
2001;42;SC;11483;78187;131193;0;1831;2220;2398;4078
2001;41;PR;17028;124835;217740;0;651;3660;2948;4937
2001;35;SP;43400;696567;711866;0;4456;14864;13003;48471
2001;33;RJ;141247;216687;252724;0;2312;5556;9039;14240
2001;32;ES;8066;62193;83353;0;955;2259;1150;3084
2001;31;MG;41792;287399;453320;0;5996;7887;5629;10909
2001;13;AM;10506;45713;32466;0;450;770;1412;1229
2001;29;BA;21213;163318;211911;0;3551;2216;3165;9073
2001;28;SE;4364;38776;42516;0;2701;865;715;2465
2001;12;AC;2162;26576;8399;0;567;278;189;1032
2001;27;AL;6451;30609;58527;0;1058;877;830;1120
2001;26;PE;22291;94085;138326;0;1013;1833;3208;4011
2001;11;RO;5545;22303;32738;0;1258;825;1070;2336
2001;25;PB;14006;72224;91586;0;0;1416;1540;0
2001;24;RN;12725;105990;69367;0;0;1061;1155;0
2001;23;CE;17299;78475;139415;0;1864;1415;1568;3418
2001;22;PI;5793;53256;42660;0;1761;356;681;1889
2001;21;MA;9609;55926;64056;0;3007;1938;873;4411
2001;17;TO;1775;38740;25778;0;1243;951;249;1474
2001;16;AP;10621;1327;5285;0;154;221;178;915
2001;15;PA;19501;78838;85504;0;2558;1178;1410;2911
2002;25;PB;12578;66520;99117;0;0;1423;1613;0
2002;11;RO;5297;34866;34106;0;1209;842;980;2392
2002;12;AC;2058;28023;9922;0;945;275;400;1055
2002;13;AM;10607;53916;35261;0;479;1271;1396;1302
2002;14;RR;8192;3327;438;0;567;486;173;630
2002;15;PA;18244;84243;109279;0;2703;1634;1816;3141
2002;16;AP;9789;8851;6617;0;368;224;181;936
2002;17;TO;1652;42711;33146;0;597;1305;233;1644
2002;21;MA;9624;55646;75483;0;3137;1708;881;4745
2002;22;PI;3850;61474;48181;0;1417;405;689;1903
2002;23;CE;15817;78657;155704;0;3047;1772;1087;3928
2002;24;RN;12190;6131;75555;0;0;1206;1443;723
2002;26;PE;22190;95103;157833;0;1042;2251;3164;4721
2002;27;AL;5547;31897;66342;0;1978;899;879;803
2002;28;SE;4634;41769;48174;0;2898;989;833;2608
2002;29;BA;18036;162785;253470;0;3561;2160;3237;9821
2002;31;MG;29063;290004;485802;0;5085;9074;5929;11975
2002;32;ES;7327;78250;86593;0;1993;2429;1137;2953
2002;33;RJ;142016;222869;283648;0;2755;6169;9280;14614
2002;35;SP;43253;782880;757619;0;4542;14273;12352;47818
2002;41;PR;14117;121204;230397;0;608;3354;2966;5255
2002;42;SC;11977;80385;143233;0;1852;2234;2474;4238
2002;43;RS;22712;164666;233452;0;0;3697;5395;9596
2002;50;MS;8035;48612;57305;0;1670;1328;880;3403
2002;51;MT;5740;29478;59249;0;1918;1721;954;4330
2002;52;GO;10332;102472;124207;0;904;2058;1676;4421
2002;53;DF;232817;120880;0;23082;2609;0;23384;164
2003;11;RO;10292;31223;35902;0;1835;956;1017;2492
2003;53;DF;217660;121065;0;26963;2955;0;23354;145
2003;52;GO;10295;108048;133275;0;342;3172;1201;4532
2003;51;MT;4586;40711;69553;0;1843;2238;1029;66
2003;50;MS;3981;44128;62480;0;1838;1664;833;3560
2003;43;RS;26137;164926;241157;0;0;4250;5388;10131
2003;42;SC;7275;84606;149981;0;2189;2589;2464;4525
2003;41;PR;15450;117735;238300;0;597;4069;3178;5584
2003;35;SP;38607;757080;783718;0;5039;15809;12601;47130
2003;33;RJ;117992;218875;297812;0;3409;6959;7455;15773
2003;32;ES;6562;76673;93180;0;2794;2688;1089;3026
2003;31;MG;40144;283241;510571;0;7198;10308;4793;14303
2003;29;BA;14303;177036;283097;0;4112;3765;3198;9800
2003;28;SE;1617;47159;49409;0;2265;1339;760;3074
2003;27;AL;3733;23526;67949;0;1557;1134;847;677
2003;26;PE;16194;105140;172082;0;1093;3585;2885;4970
2003;25;PB;11878;72725;104436;0;0;2291;1565;0
2003;24;RN;12437;62403;82051;0;358;1601;1168;918
2003;23;CE;13907;76154;167094;0;2535;1953;1546;3860
2003;22;PI;5072;64468;52246;0;1422;453;695;245
2003;21;MA;6618;63427;87557;0;3690;1886;893;5411
2003;17;TO;1911;45235;38070;0;1633;1236;245;1761
2003;16;AP;9061;12292;7830;0;1558;301;177;1061
2003;15;PA;17576;83685;125966;0;3330;2105;1454;3454
2003;14;RR;8246;131;907;0;580;535;206;765
2003;13;AM;9422;57255;41874;0;556;1627;1396;1370
2003;12;AC;682;28964;10770;0;82;286;188;1113
2004;15;PA;16582;85615;134814;0;3155;2404;1804;3833
2004;53;DF;224631;123495;0;23682;2533;0;24361;140
2004;52;GO;10379;117371;133667;0;890;2949;1631;4556
2004;51;MT;6383;54281;75296;0;2138;2126;896;4200
2004;50;MS;7076;41998;64672;0;1618;1648;909;3764
2004;43;RS;27532;165408;249909;0;1756;4408;5500;10339
2004;42;SC;13150;82408;159774;0;2030;2584;2529;5049
2004;41;PR;16670;139937;248723;0;586;3888;3118;5704
2004;35;SP;42980;750493;801869;0;4355;15961;12681;45303
2004;33;RJ;118084;220272;302636;0;3530;7340;7549;16270
2004;32;ES;8485;80239;98234;0;2189;2900;1111;3225
2004;31;MG;42338;289493;527130;0;5196;9817;5304;16289
2004;29;BA;13918;174713;293421;0;3342;3962;3541;10262
2004;28;SE;3446;40010;52775;0;2382;1250;829;2263
2004;27;AL;3981;35140;75983;0;1538;1080;980;636
2004;26;PE;19520;102351;180646;0;2249;3829;3830;347
2004;25;PB;11308;73872;105336;0;0;2104;1619;0
2004;24;RN;12242;65923;85745;0;563;1424;1524;957
2004;23;CE;12647;77412;177880;0;2812;1845;1137;3472
2004;22;PI;5988;66982;54816;0;1769;567;715;2356
2004;21;MA;9866;73955;90153;0;2517;1794;930;3927
2004;17;TO;2333;47152;39327;0;1370;978;235;1743
2004;16;AP;8935;14584;7618;0;2301;267;176;1278
2004;14;RR;2156;273;675;0;527;450;230;795
2004;13;AM;10840;60362;44904;0;2030;1639;1424;1615
2004;12;AC;796;29935;11497;0;543;200;417;1275
2004;11;RO;10681;40256;38681;0;1773;910;1166;2564
2005;12;AC;518;30874;13152;0;551;208;452;1556
2005;53;DF;225919;125600;0;25310;2514;0;26819;147
2005;52;GO;11617;114036;150998;0;1060;3763;2054;5200
2005;51;MT;2874;57195;88552;0;1720;2418;1207;71
2005;50;MS;9449;49770;72746;0;1632;1829;1079;3240
2005;43;RS;26617;160270;255841;0;2022;4747;5928;10790
2005;42;SC;12069;77455;164419;0;2058;3005;2856;5427
2005;41;PR;16643;133022;256145;0;592;4616;3656;6345
2005;35;SP;44562;766700;832831;0;4450;18641;14373;47099
2005;33;RJ;120074;212365;320530;0;3733;8519;7289;18846
2005;32;ES;8416;74031;112892;0;2773;3425;1378;3512
2005;31;MG;43757;305804;584054;0;5539;10865;5853;17341
2005;29;BA;24040;173499;329254;0;3887;6079;4268;10899
2005;28;SE;5017;37495;59648;0;3491;1578;900;3461
2005;27;AL;4385;37837;81186;0;1504;1263;1104;1
2005;26;PE;21271;108801;195490;0;2533;4533;4279;4626
2005;25;PB;11735;72585;115699;0;0;2706;1752;0
2005;24;RN;10306;67144;95042;0;1022;3004;1470;2138
2005;23;CE;17378;76216;194868;0;3777;2216;2286;3956
2005;22;PI;5855;67651;61222;0;1792;664;882;289
2005;21;MA;7298;59103;101985;0;3001;1830;1201;5452
2005;17;TO;1911;51209;47217;0;1610;1257;311;1783
2005;16;AP;9254;13435;7626;0;2857;277;105;1306
2005;11;RO;7491;40891;42111;0;2142;1330;1217;2872
2005;15;PA;16977;85895;160569;0;3277;2839;1853;3887
2005;14;RR;8879;1134;1630;0;528;454;226;862
2005;13;AM;10737;63882;56995;0;2525;1819;1550;1679
2006;11;RO;10254;42325;43935;0;2681;1603;1074;3063
2006;53;DF;229899;129815;0;29830;2565;0;27533;261
2006;52;GO;12074;124512;163312;0;1107;4225;2057;5249
2006;51;MT;6306;58811;92240;0;1359;2456;1310;5193
2006;50;MS;9462;53884;79723;0;1647;1784;1136;4981
2006;43;RS;30770;178622;259784;0;2032;4872;6300;11161
2006;42;SC;14328;86112;186955;0;2353;3114;3198;5245
2006;41;PR;17897;161019;267224;0;559;4974;3860;5986
2006;35;SP;43621;775647;856335;0;4429;17721;15087;48237
2006;33;RJ;126312;232040;349396;0;2056;9127;9976;19176
2006;32;ES;5789;65277;125843;0;2513;3567;1539;4052
2006;31;MG;46825;310914;623961;0;5213;11308;7979;19205
2006;29;BA;25986;169657;371223;0;3903;6867;4529;11268
2006;28;SE;5303;43235;64487;0;3673;1597;936;3384
2006;27;AL;5141;42423;85163;0;1850;1377;1141;1317
2006;26;PE;23561;119551;213906;0;2308;5521;3987;5193
2006;25;PB;11469;78324;124525;0;0;2885;1911;0
2006;24;RN;11895;69364;98588;0;963;3389;1695;2451
2006;23;CE;18244;73441;224259;0;4054;2921;2482;4347
2006;22;PI;6709;63193;67320;0;1808;713;1066;265
2006;21;MA;7504;59500;117450;0;3226;1943;1186;3274
2006;17;TO;2592;54790;49908;0;1148;1269;444;1870
2006;16;AP;8638;13104;10022;0;2640;283;235;1336
2006;15;PA;20406;88450;184806;0;3202;3019;2230;3966
2006;14;RR;8813;1123;1348;0;469;602;239;833
2006;13;AM;12197;61264;73024;0;534;1892;1623;1869
2006;12;AC;2028;31565;11733;0;543;346;345;1645
2007;11;RO;9545;44338;46259;0;2716;1469;1194;3046
2007;53;DF;231920;131516;0;33879;2695;0;29383;256
2007;52;GO;13011;123672;171547;0;1465;5105;2079;5600
2007;51;MT;6986;62549;97984;0;2241;2926;1293;2165
2007;50;MS;8760;66109;84451;0;1758;2200;1201;4272
2007;43;RS;29892;173069;267072;0;2396;5644;6582;11175
2007;42;SC;14362;87649;194438;0;2732;3662;3209;5877
2007;41;PR;18757;168876;273335;0;506;5583;4196;5985
2007;35;SP;46962;773281;891090;0;5688;19712;17047;47767
2007;33;RJ;233392;253789;361391;0;6515;10172;8880;19229
2007;32;ES;9168;75564;133752;0;3095;3884;1548;3870
2007;31;MG;46204;344802;643954;0;7306;12733;7319;18815
2007;29;BA;25193;176811;402666;0;5014;8615;4251;11199
2007;28;SE;5303;48046;66412;0;4612;1923;888;3311
2007;27;AL;5168;41007;90204;0;1754;1373;1196;1214
2007;26;PE;20856;125836;230722;0;3425;6312;3862;5225
2007;25;PB;14048;80951;126612;0;0;3278;2010;0
2007;24;RN;10568;67391;102363;0;1393;3661;1453;2889
2007;23;CE;16849;86214;247703;0;6065;3074;2295;4184
2007;22;PI;6722;58918;66898;0;1810;791;1050;2210
2007;21;MA;7478;58999;131127;0;3317;1944;1203;4133
2007;17;TO;3393;53532;51730;0;1982;1563;450;1878
2007;16;AP;9017;17416;12545;0;1124;355;269;287
2007;15;PA;19783;92682;193729;0;4375;3192;2078;4723
2007;14;RR;8483;1421;5663;0;1398;604;244;974
2007;13;AM;11333;66718;78326;0;2350;2503;1652;2233
2007;12;AC;2031;32719;13294;0;231;397;270;1734
2008;27;AL;5367;42708;93050;0;1767;2208;1216;1219
2008;53;DF;241669;127414;0;29605;2486;0;31584;324
2008;52;GO;11553;126658;180745;0;1039;5526;1665;5065
2008;51;MT;7567;76428;107050;0;2620;3009;1302;2133
2008;50;MS;10414;52753;94292;0;1607;2245;1380;4543
2008;43;RS;33297;166866;279377;0;2117;6250;6822;11571
2008;42;SC;14946;78372;209308;0;2462;3554;3208;6266
2008;41;PR;19718;165908;285197;0;512;6162;4509;6657
2008;35;SP;54583;781094;963418;0;5144;19113;19019;47641
2008;33;RJ;148875;238294;374494;0;7086;10813;10395;19184
2008;32;ES;9469;65470;141829;0;2618;4330;1675;4034
2008;31;MG;50228;358804;678079;0;5562;13412;7975;20662
2008;29;BA;24801;173905;437650;0;5048;8739;4899;11703
2008;28;SE;5634;83861;69674;0;3593;1999;995;3568
2008;26;PE;26388;126858;234884;0;3154;6711;3908;4131
2008;25;PB;13102;84276;141512;0;0;3609;1996;225
2008;24;RN;14266;65982;106665;0;1469;3197;1597;2807
2008;23;CE;17490;98937;265201;0;5817;3459;2296;4990
2008;22;PI;7142;67568;74554;0;1786;838;1045;3067
2008;21;MA;8115;59961;161343;0;2430;1875;1439;3629
2008;17;TO;3686;55472;54755;0;2003;1486;480;2058
2008;16;AP;8874;19977;15594;0;2323;534;250;1354
2008;15;PA;22415;105043;217872;0;4318;3826;2269;5237
2008;14;RR;8945;1018;9761;0;2123;680;263;1010
2008;13;AM;13909;68909;83334;0;2954;2630;1622;2148
2008;12;AC;2164;34291;15897;0;72;402;346;1774
2008;11;RO;9823;48570;50634;0;2379;1887;1248;3183
2009;29;BA;24440;170057;466303;0;5214;10208;4497;11753
2009;53;DF;263397;132702;0;31275;2492;0;33574;391
2009;52;GO;14062;130284;181588;0;6180;6813;1721;5456
2009;51;MT;7151;94181;117307;0;2767;2688;1129;2801
2009;50;MS;10001;52132;97169;0;1509;2515;1324;4626
2009;43;RS;34295;169524;284121;0;2116;6231;7089;12075
2009;42;SC;14864;77422;215208;0;2522;4097;3220;6463
2009;41;PR;20805;179402;289733;0;505;6356;4697;6832
2009;35;SP;55023;793665;994871;0;5145;21722;16553;47190
2009;33;RJ;156886;246297;398480;0;7250;12227;9884;20189
2009;32;ES;9945;63736;144917;0;2630;5382;1711;4074
2009;31;MG;53316;366479;697722;0;5959;13555;7048;20683
2009;28;SE;5883;47146;74378;0;3008;1992;953;3650
2009;27;AL;6705;41455;96807;0;1743;2434;1264;1202
2009;26;PE;25417;142472;235839;0;3429;8260;3928;3852
2009;25;PB;13824;97342;149350;0;0;4148;2049;0
2009;24;RN;14474;66980;112720;0;1564;3443;1478;2934
2009;23;CE;19003;100846;298043;0;6544;4187;2312;5050
2009;22;PI;6917;70843;76937;0;1796;1079;1104;2933
2009;21;MA;8439;59985;169013;0;3232;2531;1439;3903
2009;17;TO;4047;57169;60129;0;2298;1445;445;2266
2009;16;AP;8937;20273;17242;0;3191;781;253;1339
2009;15;PA;17830;104009;231899;0;4580;4313;2082;5222
2009;14;RR;9044;17752;12031;0;2347;900;244;1082
2009;13;AM;9908;70376;77260;0;3167;3265;1635;1968
2009;12;AC;879;37565;16207;0;1008;428;298;1902
2009;11;RO;9934;50453;50876;0;2979;2006;1236;3489
2010;13;AM;14698;85027;94898;0;3313;3044;611;2454
2010;53;DF;262076;139892;0;29437;2053;0;34366;1704
2010;52;GO;15222;136984;191072;0;6359;5717;2038;5875
2010;51;MT;7929;64067;117994;0;2686;2515;1563;5228
2010;50;MS;11058;52553;101335;0;1599;2420;1445;4740
2010;43;RS;38176;168541;293209;0;1886;6157;7251;12619
2010;42;SC;15852;80055;218920;0;2631;3671;3304;6975
2010;41;PR;22188;190461;295487;0;452;6099;4954;7215
2010;35;SP;54899;768888;1024105;0;5107;20412;20079;47180
2010;33;RJ;363705;244237;417779;0;7146;11464;11252;20101
2010;32;ES;10378;71998;144726;0;2355;4891;1869;4155
2010;31;MG;55039;371191;705433;0;5712;12933;7925;21393
2010;12;AC;2616;37313;18695;0;1155;443;350;1912
2010;29;BA;28848;163755;466706;0;4875;9477;5273;11883
2010;28;SE;5665;52386;67193;0;3582;1762;1120;3699
2010;11;RO;10448;52423;54026;0;3036;2054;1288;3473
2010;27;AL;6456;41974;98862;0;1753;2196;1380;1177
2010;26;PE;23784;148876;241782;0;3044;7845;3297;5381
2010;25;PB;14411;96432;151325;0;0;3290;2395;0
2010;24;RN;15508;68678;116745;0;1567;3142;1687;2776
2010;23;CE;19656;104108;321290;0;6374;3879;3017;5049
2010;22;PI;7696;72597;79318;0;1808;948;1283;3258
2010;21;MA;10271;74096;181362;0;2941;2187;1626;4451
2010;17;TO;4584;54832;62900;0;2094;1499;477;744
2010;16;AP;8990;19797;18626;0;4802;1092;281;1102
2010;15;PA;23260;107945;244183;0;4439;3966;2305;5270
2010;14;RR;8812;17607;11416;0;2373;710;258;1112
2011;28;SE;6275;48176;61052;0;4010;1934;1763;3743
2011;53;DF;270684;139318;45;35282;2832;0;35805;1688
2011;52;GO;14678;136559;205934;0;7104;6646;2025;6182
2011;51;MT;8646;102260;118861;0;3033;2748;1625;4983
2011;50;MS;11995;51955;104876;0;1875;2614;1487;4815
2011;43;RS;33916;167675;309813;0;2092;6293;7424;12533
2011;42;SC;17724;89332;227819;0;2789;4399;3310;8106
2011;41;PR;22339;190606;304668;0;2822;6541;5143;8346
2011;35;SP;57288;754015;1052078;0;6082;21910;20743;46629
2011;33;RJ;167328;250686;452812;0;6508;11916;10356;21304
2011;32;ES;10461;70379;147466;0;2651;5229;1872;3951
2011;31;MG;55865;374732;726879;0;7488;13966;8169;22373
2011;29;BA;26619;164186;485609;0;6050;9933;4879;11994
2011;27;AL;7776;39645;101359;0;2809;2792;1386;1268
2011;26;PE;28331;145798;242199;0;949;8960;4410;7520
2011;25;PB;17305;94179;156446;0;0;3471;2103;0
2011;24;RN;16728;68286;119767;0;1823;3109;1654;2953
2011;23;CE;20358;102249;327756;0;8125;4383;2710;5360
2011;22;PI;8048;68779;86364;0;1789;1045;1149;3109
2011;21;MA;9129;71488;173585;0;3559;2364;1658;3733
2011;17;TO;4372;44769;63735;0;2919;1468;509;3034
2011;16;AP;8575;21303;18257;0;5188;674;283;1355
2011;15;PA;25327;108153;261611;0;5303;4137;2435;5515
2011;14;RR;8661;18679;20361;0;3238;717;260;1248
2011;13;AM;15976;79911;95251;0;4091;3483;1718;2502
2011;12;AC;2680;37942;17770;0;1514;336;320;2251
2011;11;RO;9765;57389;55008;0;3585;2467;1361;3318
2012;11;RO;8911;57662;57717;0;2648;2500;1448;3561
2012;53;DF;267554;135576;0;29474;2433;0;37361;1734
2012;52;GO;15020;125531;205043;0;5874;6822;2894;6358
2012;51;MT;8584;102694;122256;0;2883;2845;1960;9064
2012;50;MS;11747;40589;105898;0;1864;2766;1576;4908
2012;43;RS;36437;173473;323591;0;2191;6902;7453;12758
2012;42;SC;18337;91352;239835;0;2520;4205;3379;8421
2012;41;PR;23332;199055;326278;0;2050;6337;5174;10180
2012;35;SP;57763;808093;1082878;0;5881;21089;21987;46697
2012;33;RJ;150514;241647;472637;0;6459;12478;11671;21622
2012;32;ES;10718;73808;148521;0;2184;5125;1888;4188
2012;31;MG;56430;365257;739405;0;6577;14018;8782;22360
2012;29;BA;27181;153297;493436;0;5303;10830;5565;11854
2012;28;SE;6587;47298;60373;0;3199;1995;1176;3801
2012;27;AL;8031;39402;103066;0;1640;2407;1582;1252
2012;26;PE;27878;144436;240830;0;2826;8557;4902;7287
2012;25;PB;15760;90568;162318;2;0;3829;2449;0
2012;24;RN;16248;68005;122278;0;2539;3281;1981;2962
2012;23;CE;20064;99439;326432;0;6743;4737;3214;5270
2012;22;PI;7998;66328;91237;0;1826;1358;1353;3459
2012;21;MA;9221;76426;179965;0;2960;2392;1733;3996
2012;17;TO;4432;53285;63945;0;2834;1832;533;3251
2012;16;AP;8517;22600;16115;0;4700;716;334;1385
2012;15;PA;22833;85400;272827;0;4591;4636;2708;6018
2012;14;RR;8629;19085;16220;0;4145;849;278;1274
2012;13;AM;15178;88736;102318;0;3711;3242;1817;2693
2012;12;AC;2793;39213;17810;0;1089;413;344;2214
2013;15;PA;23621;110920;283800;0;4843;4848;2312;6612
2013;53;DF;332872;144073;5;29890;2350;0;37878;1840
2013;52;GO;15346;127237;218242;0;6928;6514;2779;6501
2013;51;MT;9067;99169;127072;0;2512;3002;1919;5837
2013;50;MS;11880;40380;117026;0;1951;2994;1521;5184
2013;43;RS;38087;167504;325411;0;1968;7338;7691;12899
2013;42;SC;19596;88393;247019;0;2494;4963;3559;8926
2013;41;PR;23895;209565;333252;0;2551;6163;5246;11243
2013;35;SP;59963;820306;1112434;0;6036;23928;21581;47354
2013;33;RJ;159318;247467;480891;0;6929;14874;11084;21915
2013;32;ES;11147;76959;156892;0;2205;6372;1852;4254
2013;31;MG;58535;374435;780764;0;6343;15450;9107;22550
2013;29;BA;28162;130009;503902;0;5545;10077;5016;11495
2013;28;SE;6628;45932;58665;0;2696;2066;1126;3926
2013;27;AL;7006;39212;111322;0;2772;1793;1600;1384
2013;26;PE;29347;140675;242772;0;1178;8510;4698;7700
2013;25;PB;16942;91405;170747;0;0;3121;2194;0
2013;24;RN;17413;64208;128484;0;2617;3312;1871;3251
2013;23;CE;20761;108378;374687;0;7338;4224;2921;5285
2013;22;PI;8303;64498;99620;0;1799;1239;1300;3238
2013;21;MA;9202;68073;189319;0;3019;2253;1601;4148
2013;17;TO;4715;51326;66302;0;4231;1653;492;3408
2013;16;AP;8681;20091;18026;0;3679;829;354;1872
2013;14;RR;8399;20472;16972;0;4007;899;260;1379
2013;13;AM;16020;87173;109324;0;4017;3346;1792;2689
2013;12;AC;1930;36137;19554;0;1241;345;299;2293
2013;11;RO;8669;57939;56186;0;4126;2375;1447;3911
2014;12;AC;3453;37777;20095;0;821;289;354;2470
2014;53;DF;345373;147832;0;26673;1924;0;40220;1813
2014;52;GO;15757;130529;198390;0;6190;5831;2965;6644
2014;51;MT;9407;112475;124347;0;1770;2504;1984;5573
2014;50;MS;13069;57671;113539;0;1935;2820;1594;5428
2014;43;RS;40166;170006;335770;0;1933;7394;7746;13812
2014;42;SC;20232;90209;249922;0;2390;4670;3707;9787
2014;41;PR;25124;205391;339467;0;2185;6206;5423;11833
2014;35;SP;60416;809885;1111271;0;6046;21959;22086;49131
2014;33;RJ;167975;250464;473907;0;6466;14103;11727;21008
2014;32;ES;11640;76818;147757;0;2152;5091;1908;4271
2014;31;MG;60323;360799;786293;0;5967;15333;9060;22354
2014;29;BA;28793;145527;499747;0;5207;10117;5528;11171
2014;28;SE;6952;44081;59558;0;2850;2147;1221;3937
2014;27;AL;8578;40053;113773;0;1828;1709;1648;1407
2014;26;PE;29765;135304;242693;0;1173;7531;5345;8976
2014;25;PB;17014;86114;169707;0;0;3167;2431;0
2014;24;RN;18645;61701;128079;0;1713;3619;2088;3241
2014;23;CE;21485;111300;354556;0;5560;4268;3352;5429
2014;22;PI;9082;61510;100280;0;5236;1192;1414;3277
2014;21;MA;9311;65451;198586;0;2875;2250;1698;4188
2014;17;TO;5048;57988;66971;0;2883;1626;554;3195
2014;16;AP;8617;23592;18165;0;3918;985;360;1946
2014;11;RO;10783;55662;55894;0;2698;2018;1645;4013
2014;15;PA;23832;104860;295001;0;4645;4518;2803;6366
2014;14;RR;8332;20339;16406;0;4299;658;271;1407
2014;13;AM;16361;86285;111026;0;3127;3368;1813;2915
2015;11;RO;8856;56213;54723;0;3824;2256;1503;4539
2015;53;DF;341064;143871;0;33137;2519;0;41005;1929
2015;52;GO;16272;123662;196535;0;7035;5857;2936;6873
2015;51;MT;8809;109932;127530;0;2573;2781;1902;5629
2015;50;MS;12549;69782;117577;0;2214;3238;1560;5611
2015;43;RS;39840;161966;335778;0;2046;8033;7763;13869
2015;42;SC;20326;86408;244831;0;2611;5164;3723;9882
2015;41;PR;25692;200345;343020;0;3516;6516;5482;11787
2015;35;SP;58666;753404;1109873;0;7044;22263;22145;47723
2015;33;RJ;142025;236223;480120;0;8193;14944;11177;21459
2015;32;ES;11294;72520;154295;0;2390;5391;1907;4122
2015;31;MG;60644;361755;770164;0;9970;16655;8617;21797
2015;29;BA;28603;141916;490666;0;5971;10827;5185;11214
2015;28;SE;6367;45051;51143;0;3407;2366;1145;3873
2015;27;AL;6865;42237;112803;0;1925;1921;1629;1404
2015;26;PE;29070;131515;234827;0;907;7672;4829;8914
2015;25;PB;17312;84414;170442;0;0;3434;2304;0
2015;24;RN;18212;60546;114382;0;3490;3869;1921;3671
2015;23;CE;20826;115461;357141;0;6491;5049;3093;5815
2015;22;PI;8592;59765;103041;0;5990;1255;1358;3215
2015;21;MA;9744;67750;195315;0;3641;2239;1781;2722
2015;17;TO;5241;60415;64388;0;3577;1819;543;3100
2015;16;AP;8394;21401;15318;0;4512;1181;384;1920
2015;15;PA;23131;106030;293048;0;5359;4815;2900;6835
2015;14;RR;8396;20014;18885;0;3743;939;281;1428
2015;13;AM;15813;85228;114604;0;3959;3892;1856;3414
2015;12;AC;3606;39012;20980;0;1402;387;339;2546
2016;11;RO;9894;54787;53384;0;3090;2170;1541;4648
2016;53;DF;366304;132891;0;29649;2444;0;41305;2021
2016;52;GO;16048;119436;194867;0;5165;5806;3225;6782
2016;51;MT;9171;104701;124913;0;2428;2862;2036;6224
2016;50;MS;12945;74019;113653;0;1847;3082;1611;5754
2016;43;RS;40009;153919;336838;0;2034;8103;7797;13667
2016;42;SC;20556;97246;251866;0;2294;4903;3811;9872
2016;41;PR;25044;205137;349312;0;2279;6392;5555;12492
2016;35;SP;58959;721633;1089592;0;6392;21690;22404;47890
2016;33;RJ;160397;229688;462534;0;7291;14272;12110;21061
2016;32;ES;11373;72342;151065;0;2142;5429;1926;3892
2016;31;MG;58954;368231;762473;0;5635;16452;9323;21264
2016;29;BA;27646;137929;488340;0;5098;10872;5520;10841
2016;28;SE;6206;43255;56305;0;3189;2565;1250;3781
2016;27;AL;6558;42239;110112;0;1187;1558;1708;2287
2016;26;PE;27404;127239;228348;0;898;7602;5351;8904
2016;25;PB;16479;78826;162267;0;0;3573;2534;0
2016;24;RN;18035;57749;129304;0;2630;3763;2011;3562
2016;23;CE;20697;114520;349577;0;5997;4560;3411;5703
2016;22;PI;8854;59435;104127;0;5728;1704;1454;3356
2016;21;MA;10102;71350;193001;0;3029;2112;1868;5153
2016;17;TO;5260;60172;61321;0;3687;1949;573;3340
2016;16;AP;8925;35933;14105;0;4202;1315;396;1878
2016;15;PA;24516;104710;285629;0;4854;4958;2872;7114
2016;14;RR;8278;20322;17688;0;3662;905;287;1480
2016;13;AM;15328;81803;116918;0;3777;3924;1792;3484
2016;12;AC;3730;35989;21271;0;1073;354;354;2559
2017;27;AL;7489;40235;116184;0;2254;2513;1653;2261
2017;53;DF;339207;126185;0;29819;2453;0;41975;2100
2017;52;GO;16802;122773;196171;0;5791;6322;3085;6945
2017;51;MT;9217;113881;122269;0;2774;3236;1889;6473
2017;50;MS;13366;64890;123367;0;1729;3138;1556;5754
2017;43;RS;40756;147275;335618;0;1847;8137;7725;13540
2017;42;SC;21176;97465;254173;0;2382;5235;3713;10063
2017;41;PR;26037;193120;347481;0;2405;6369;5462;12690
2017;35;SP;60085;697179;1082209;0;6551;21588;21999;47377
2017;33;RJ;181183;220509;448279;0;7921;13496;11141;22053
2017;32;ES;11302;63456;149270;0;2320;5694;1902;3795
2017;31;MG;62256;367804;779759;0;5698;16953;8941;20935
2017;29;BA;30208;148802;515060;0;6030;12315;5290;10731
2017;28;SE;7078;45520;61480;0;3164;2382;1198;3870
2017;26;PE;26924;129074;230469;0;752;8109;5162;8745
2017;25;PB;17805;78066;169524;0;0;4327;2244;0
2017;24;RN;18963;55836;130877;0;2541;3920;1971;3563
2017;23;CE;21787;109095;375518;0;7546;5147;3131;6356
2017;22;PI;8819;59044;110112;0;5759;2241;1438;3657
2017;21;MA;10284;66311;209269;0;2989;2401;1878;6482
2017;17;TO;5385;69235;66785;0;3023;2078;560;3381
2017;16;AP;9533;36634;16042;0;3542;923;399;1918
2017;15;PA;25751;105970;302906;0;4908;5839;2890;7366
2017;14;RR;8226;21255;18942;0;3604;787;300;1591
2017;13;AM;15617;83507;126399;0;4017;3893;1875;3513
2017;12;AC;3750;37345;23396;0;1077;390;335;2484
2017;11;RO;11626;55152;55728;0;3203;1953;1730;4368
2018;29;BA;30137;152356;511778;0;5892;11665;5507;10836
2018;53;DF;255431;129829;0;28709;2421;0;41071;2167
2018;52;GO;17030;121807;175823;0;5761;6414;3164;6792
2018;51;MT;8912;108969;121747;0;2323;3217;1982;7054
2018;50;MS;13689;61669;128192;0;1658;3075;1578;5705
2018;43;RS;41066;145844;330638;0;1809;8092;7606;13841
2018;42;SC;20264;99837;251249;0;2370;4777;3700;10086
2018;41;PR;25850;190538;345892;0;2376;6358;5408;13297
2018;35;SP;53879;672288;1069210;0;6340;19875;21622;46916
2018;33;RJ;194639;212983;452876;0;7876;13832;11378;21274
2018;32;ES;11208;64747;139959;0;2169;5325;1923;3925
2018;31;MG;58383;351402;778831;0;5328;16943;8995;20629
2018;28;SE;7034;43791;61257;0;3144;2279;1202;3980
2018;27;AL;8706;36654;118716;0;2184;2369;1702;2269
2018;26;PE;26903;124566;226612;0;2534;8311;5354;8651
2018;25;PB;15739;69200;162930;0;0;4560;2447;456
2018;24;RN;19792;55249;132286;0;2493;4201;1919;3711
2018;23;CE;21180;110951;360683;0;6755;5072;3331;6156
2018;22;PI;8808;57956;113267;0;5804;2900;1508;3634
2018;21;MA;10020;70566;228250;0;3076;4292;1871;7120
2018;17;TO;5358;64217;66017;0;3445;2101;688;3357
2018;16;AP;9923;36068;15315;0;3560;821;395;1879
2018;15;PA;26505;107178;300858;0;4629;5586;2909;7681
2018;14;RR;8006;21173;19430;0;4254;855;290;1634
2018;13;AM;16845;81026;136906;0;4018;3866;1734;3919
2018;12;AC;3808;37619;22855;0;1289;473;348;2441
2018;11;RO;13103;49139;54330;0;3548;1948;637;4702
2019;22;PI;8899;57545;115239;0;6129;3382;1446;3944
2019;12;AC;1930;32656;21832;0;199;555;327;2502
2019;13;AM;17171;79196;131519;0;4898;4566;1695;3883
2019;14;RR;7718;21032;24108;0;3966;882;266;1749
2019;15;PA;24207;107479;305771;0;5111;6409;2805;7433
2019;53;DF;126332;130376;0;34639;2491;0;40833;2095
2019;52;GO;16011;120439;173079;0;7638;6245;2984;7109
2019;51;MT;9265;111601;123246;0;3286;3310;1858;7378
2019;50;MS;13716;67343;134012;0;1889;3363;1481;5670
2019;43;RS;39380;140253;335563;0;2196;8315;7457;13732
2019;42;SC;20866;97364;256802;0;2674;4816;3387;10642
2019;41;PR;26169;190763;347327;0;3905;6375;5326;13439
2019;21;MA;10083;74089;234694;0;3530;5589;1825;5549
2019;35;SP;56431;668247;1063510;0;7071;20781;21275;45590
2019;16;AP;9506;37398;13434;0;3292;1728;393;2042
2019;17;TO;5348;56683;61880;0;4132;2406;586;3537
2019;33;RJ;168004;159241;459238;0;9094;13956;10623;21412
2019;32;ES;11487;60641;142391;0;2461;5668;1846;3840
2019;31;MG;55107;337171;776553;0;6215;17870;8618;20492
2019;11;RO;13164;46331;54814;0;4754;2058;1446;4760
2019;29;BA;30146;77494;480619;0;6852;12814;5155;10715
2019;28;SE;7127;41643;67291;0;3441;2323;1154;3954
2019;27;AL;8751;43106;122114;0;529;2836;1627;2682
2019;26;PE;21896;124774;230735;0;3378;9305;4898;8856
2019;25;PB;17304;65026;165604;0;0;4591;2215;448
2019;24;RN;19715;54283;134019;0;2964;4402;1851;3738
2019;23;CE;21874;110422;370053;0;7727;5284;3090;6458
